title,employer,address,min_salary,max_salary,currency,link
"Sales Analyst, Kazakhstan",ТОО Bacardi-Martini Kazakhstan (Бакарди-Мартини Казахстан),Алматы,,,,https://hh.kz/vacancy/52941758?from=vacancy_search_list&hhtmFrom=vacancy_search_list&query=analytics
Data analyst in Marketing,ТОО AVIATA.KZ,Алматы,,,,https://hh.kz/vacancy/51995496?from=vacancy_search_list&hhtmFrom=vacancy_search_list&query=analytics
Product/Data Analyst (Junior),KIVORK,Алматы,,1000,USD,https://hh.kz/vacancy/53068616?from=vacancy_search_list&hhtmFrom=vacancy_search_list&query=analytics
Business Analyst in Client Operations (Remote),Novakid Inc,Алматы,3200,,USD,https://hh.kz/vacancy/52061940?from=vacancy_search_list&hhtmFrom=vacancy_search_list&query=analytics
Junior BI Analyst,ТОО OrientSwiss,Алматы,,,,https://hh.kz/vacancy/51958259?from=vacancy_search_list&hhtmFrom=vacancy_search_list&query=analytics
Product/Data Analyst (Junior),KIVORK,Нур-Султан,,1000,USD,https://hh.kz/vacancy/53068615?from=vacancy_search_list&hhtmFrom=vacancy_search_list&query=analytics
Data analyst,"BI GROUP, ТМ (ТОО BI Support)",Нур-Султан,,,,https://hh.kz/vacancy/52983675?from=vacancy_search_list&hhtmFrom=vacancy_search_list&query=analytics
Product / Data Analyst (Middle),KIVORK,Алматы,,,,https://hh.kz/vacancy/50801935?from=vacancy_search_list&hhtmFrom=vacancy_search_list&query=analytics
Marketing specialist,ТОО Samsung Electronics Central Eurasia LLP.,Алматы,,,,https://hh.kz/vacancy/52875232?from=vacancy_search_list&hhtmFrom=vacancy_search_list&query=analytics
Sales Analyst (O/S Position),ТОО LG Electronics Almaty Kazakhstan,Алматы,,,,https://hh.kz/vacancy/52829634?from=vacancy_search_list&hhtmFrom=vacancy_search_list&query=analytics
"Middle Data Analyst, Data Warehouse",DataArt,Алматы,,,,https://hh.kz/vacancy/52892335?from=vacancy_search_list&hhtmFrom=vacancy_search_list&query=analytics
Web аналитик\ Marketing performance analyst,УП Центр делового развития,Алматы,,,,https://hh.kz/vacancy/52851264?from=vacancy_search_list&hhtmFrom=vacancy_search_list&query=analytics
Product / Data Analyst (Middle),KIVORK,Нур-Султан,,,,https://hh.kz/vacancy/50801936?from=vacancy_search_list&hhtmFrom=vacancy_search_list&query=analytics
Web аналитик\ Marketing performance analyst,УП Центр делового развития,Нур-Султан,,,,https://hh.kz/vacancy/52851265?from=vacancy_search_list&hhtmFrom=vacancy_search_list&query=analytics
PPC Manager (Google/Bing),KIVORK,Нур-Султан,,,,https://hh.kz/vacancy/52242556?from=vacancy_search_list&hhtmFrom=vacancy_search_list&query=analytics
Cash and Trade Processing Analyst,АО Ситибанк Казахстан,Алматы,400000,,KZT,https://hh.kz/vacancy/52740392?from=vacancy_search_list&hhtmFrom=vacancy_search_list&query=analytics
"Digital-аналитик (Google Analytics, Firebase, AppMetrika)","Beeline, ТМ",Алматы,,,,https://hh.kz/vacancy/52649171?from=vacancy_search_list&hhtmFrom=vacancy_search_list&query=analytics
PPC Manager (Google/Bing),KIVORK,Алматы,,,,https://hh.kz/vacancy/52242557?from=vacancy_search_list&hhtmFrom=vacancy_search_list&query=analytics
Junior Digital Marketing (Paid Acquisition) Specialist,DataArt,Нур-Султан,,,,https://hh.kz/vacancy/52902424?from=vacancy_search_list&hhtmFrom=vacancy_search_list&query=analytics
Digital manager,ТОО HeadHunter::Казахстан,"Алматы, Алатау",300000,,KZT,https://hh.kz/vacancy/51991629?from=vacancy_search_list&hhtmFrom=vacancy_search_list&query=analytics
Senior Display Specialist,"Марс, Wrigley",Алматы,,,,https://hh.kz/vacancy/51989935?from=vacancy_search_list&hhtmFrom=vacancy_search_list&query=analytics
Маркетолог,ТОО Bravo Commodities,Алматы,350000,,KZT,https://hh.kz/vacancy/51803220?from=vacancy_search_list&hhtmFrom=vacancy_search_list&query=analytics
Tech Product Manager,ТОО Relog.kz,"Алматы, Абая",400000,1000000,KZT,https://hh.kz/vacancy/51044952?from=vacancy_search_list&hhtmFrom=vacancy_search_list&query=analytics
Таргетолог Middle+,ИП MarkCo,Алматы,120000,200000,KZT,https://hh.kz/vacancy/52921079?from=vacancy_search_list&hhtmFrom=vacancy_search_list&query=analytics
Media & Digital manager,ТОО GTR,Алматы,,,,https://hh.kz/vacancy/53059772?from=vacancy_search_list&hhtmFrom=vacancy_search_list&query=analytics
Маркетолог,ТОО Титан-Азия,Алматы,,,,https://hh.kz/vacancy/53017384?from=vacancy_search_list&hhtmFrom=vacancy_search_list&query=analytics
Руководитель проекта E-Commerce (СНГ),ТОО Askona Life Kazakhstan (Аскона Лайф Казахстан),Алматы,1000000,,KZT,https://hh.kz/vacancy/51996994?from=vacancy_search_list&hhtmFrom=vacancy_search_list&query=analytics
Trade Architecture Manager,"Марс, Wrigley",Алматы,,,,https://hh.kz/vacancy/50704632?from=vacancy_search_list&hhtmFrom=vacancy_search_list&query=analytics
Product Owner of Imunify Operations [Remote],Cloud Linux,Нур-Султан,,,,https://hh.kz/vacancy/52073768?from=vacancy_search_list&hhtmFrom=vacancy_search_list&query=analytics
Интернет-маркетолог,ТОО Линия Безопасности 101,"Алматы, Райымбек батыра",170000,250000,KZT,https://hh.kz/vacancy/53110714?from=vacancy_search_list&hhtmFrom=vacancy_search_list&query=analytics
Audit Advanced Specialist (A2),ТОО Grant Thornton,Алматы,,,,https://hh.kz/vacancy/52294550?from=vacancy_search_list&hhtmFrom=vacancy_search_list&query=analytics
Product Owner of Imunify Operations [Remote],Cloud Linux,Алматы,,,,https://hh.kz/vacancy/52073791?from=vacancy_search_list&hhtmFrom=vacancy_search_list&query=analytics
Ассистент менеджера по маркетингу (Digital marketing manager),ТОО Астро БТ,Алматы,150000,200000,KZT,https://hh.kz/vacancy/52324220?from=vacancy_search_list&hhtmFrom=vacancy_search_list&query=analytics
Brand Manager,ТОО АНКОР Центральная Азия,Алматы,,,,https://hh.kz/vacancy/51347927?from=vacancy_search_list&hhtmFrom=vacancy_search_list&query=analytics
Аккаунт менеджер — Junior,ТОО IMARKETING,Алматы,,,,https://hh.kz/vacancy/52793796?from=vacancy_search_list&hhtmFrom=vacancy_search_list&query=analytics
Product Manager (CNS),Johnson & Johnson,Алматы,,,,https://hh.kz/vacancy/52080212?from=vacancy_search_list&hhtmFrom=vacancy_search_list&query=analytics
Менеджер по маркетингу,ТОО МФО Swiss Capital (Свисс Капитал),Алматы,,,,https://hh.kz/vacancy/52687894?from=vacancy_search_list&hhtmFrom=vacancy_search_list&query=analytics
Маркетолог,ТОО NLS Kazakhstan,Алматы,300000,,KZT,https://hh.kz/vacancy/52942225?from=vacancy_search_list&hhtmFrom=vacancy_search_list&query=analytics
Regional Head of E-commerce Logistics,ТОО OrientSwiss,Алматы,,,,https://hh.kz/vacancy/52313847?from=vacancy_search_list&hhtmFrom=vacancy_search_list&query=analytics
Audit Specialist (A1),ТОО Grant Thornton,Алматы,,,,https://hh.kz/vacancy/52613882?from=vacancy_search_list&hhtmFrom=vacancy_search_list&query=analytics
Regional Head of E-commerce Logistics,ТОО OrientSwiss,Алматы,,,,https://hh.kz/vacancy/52313847?from=vacancy_search_list&hhtmFrom=vacancy_search_list&query=analytics
Tech Product Manager,ТОО Relog.kz,"Алматы, Абая",400000,1000000,KZT,https://hh.kz/vacancy/51044952?from=vacancy_search_list&hhtmFrom=vacancy_search_list&query=analytics
Product Manager (CNS),Johnson & Johnson,Алматы,,,,https://hh.kz/vacancy/52080212?from=vacancy_search_list&hhtmFrom=vacancy_search_list&query=analytics
Маркетолог,ТОО NLS Kazakhstan,Алматы,300000,,KZT,https://hh.kz/vacancy/52942225?from=vacancy_search_list&hhtmFrom=vacancy_search_list&query=analytics
Brand Manager,ТОО АНКОР Центральная Азия,Алматы,,,,https://hh.kz/vacancy/51347927?from=vacancy_search_list&hhtmFrom=vacancy_search_list&query=analytics
Интернет-маркетолог,ТОО Линия Безопасности 101,"Алматы, Райымбек батыра",170000,250000,KZT,https://hh.kz/vacancy/53110714?from=vacancy_search_list&hhtmFrom=vacancy_search_list&query=analytics
Audit Specialist (A1),ТОО Grant Thornton,Алматы,,,,https://hh.kz/vacancy/52613882?from=vacancy_search_list&hhtmFrom=vacancy_search_list&query=analytics
Менеджер по маркетингу,ТОО РПК «Narujka.kz»,"Алматы, Драмтеатр имени Ауэзова",200000,400000,KZT,https://hh.kz/vacancy/52749959?from=vacancy_search_list&hhtmFrom=vacancy_search_list&query=analytics
Менеджер по маркетингу,ТОО ASTER AUTO,Алматы,,,,https://hh.kz/vacancy/51167080?from=vacancy_search_list&hhtmFrom=vacancy_search_list&query=analytics
Distribution Development & Sales Engineering Leader,"Марс, Wrigley",Алматы,,,,https://hh.kz/vacancy/52094292?from=vacancy_search_list&hhtmFrom=vacancy_search_list&query=analytics
Compliance AML KYC Analyst,АО Ситибанк Казахстан,Алматы,420000,,KZT,https://hh.kz/vacancy/53095307?from=vacancy_search_list&hhtmFrom=vacancy_search_list&query=analytics
"Senior Consultant (Strategy and Operations, Management Consulting department)",ТОО KPMG,Алматы,,,,https://hh.kz/vacancy/53126698?from=vacancy_search_list&hhtmFrom=vacancy_search_list&query=analytics
Product Owner of Imunify Operations [Remote],Cloud Linux,Алматы,,,,https://hh.kz/vacancy/52073791?from=vacancy_search_list&hhtmFrom=vacancy_search_list&query=analytics
Специалист по маркетингу и рекламе,ТОО Hayat Construction Group,Алматы,,,,https://hh.kz/vacancy/52869375?from=vacancy_search_list&hhtmFrom=vacancy_search_list&query=analytics
SMM-менеджер,ТОО Mycar Raiymbek,"Алматы, Райымбек батыра",,,,https://hh.kz/vacancy/52456516?from=vacancy_search_list&hhtmFrom=vacancy_search_list&query=analytics
Supply Chain Management Specialist,ТОО LG Electronics Almaty Kazakhstan,Алматы,,,,https://hh.kz/vacancy/52070184?from=vacancy_search_list&hhtmFrom=vacancy_search_list&query=analytics
Product Owner of Imunify Operations [Remote],Cloud Linux,Нур-Султан,,,,https://hh.kz/vacancy/52073768?from=vacancy_search_list&hhtmFrom=vacancy_search_list&query=analytics
Помощник интернет-маркетолога,ТОО Азимут- Трейд,Караганда,90000,120000,KZT,https://hh.kz/vacancy/52673129?from=vacancy_search_list&hhtmFrom=vacancy_search_list&query=analytics
SMM-менеджер,ТОО ZakazBuketov.Kz Astana,Нур-Султан,,,,https://hh.kz/vacancy/52104443?from=vacancy_search_list&hhtmFrom=vacancy_search_list&query=analytics
Менеджер по маркетингу и рекламе,ТОО MASNAGET Digital Studio,Нур-Султан,280000,,KZT,https://hh.kz/vacancy/52141325?from=vacancy_search_list&hhtmFrom=vacancy_search_list&query=analytics
Менеджер по digital-маркетингу,"Beeline, ТМ",Алматы,,,,https://hh.kz/vacancy/52953233?from=vacancy_search_list&hhtmFrom=vacancy_search_list&query=analytics
Junior Administrative Assistant - Shared Service Center Group - ICS Department,"Deloitte, Caspian Region","Алматы, Абая",,,,https://hh.kz/vacancy/52950107?from=vacancy_search_list&hhtmFrom=vacancy_search_list&query=analytics
Junior Brand Manager,ТОО АНКОР Центральная Азия,Алматы,,,,https://hh.kz/vacancy/50450598?from=vacancy_search_list&hhtmFrom=vacancy_search_list&query=analytics
Financial reporting specialist,ТОО Hamle,Каскелен,,,,https://hh.kz/vacancy/52943296?from=vacancy_search_list&hhtmFrom=vacancy_search_list&query=analytics
Junior Key Account Manager (consumer electronics),ТОО АНКОР Центральная Азия,Алматы,,,,https://hh.kz/vacancy/52592896?from=vacancy_search_list&hhtmFrom=vacancy_search_list&query=analytics
IT Specialist,ТОО Tenaz Management,Атырау,500000,500000,KZT,https://hh.kz/vacancy/52940225?from=vacancy_search_list&hhtmFrom=vacancy_search_list&query=analytics
Медиа менеджер,ТОО АНКОР Центральная Азия,Алматы,,,,https://hh.kz/vacancy/52037222?from=vacancy_search_list&hhtmFrom=vacancy_search_list&query=analytics
Advisor/Member Compliance,ТОО АНТАЛ БИЗНЕС РЕШЕНИЯ (ТМ Antal Kazakhstan),Алматы,,380000,KZT,https://hh.kz/vacancy/52939461?from=vacancy_search_list&hhtmFrom=vacancy_search_list&query=analytics
"Middle Cloud Engineer (Tencent/Alibaba), Financial Systems",DataArt,Алматы,,,,https://hh.kz/vacancy/52941841?from=vacancy_search_list&hhtmFrom=vacancy_search_list&query=analytics
Cabinet controller,ТОО АНКОР Центральная Азия,Алматы,,,,https://hh.kz/vacancy/52231352?from=vacancy_search_list&hhtmFrom=vacancy_search_list&query=analytics
"Middle Cloud Engineer (Tencent/Alibaba), Financial Systems",DataArt,Нур-Султан,,,,https://hh.kz/vacancy/52941840?from=vacancy_search_list&hhtmFrom=vacancy_search_list&query=analytics
"Senior DevOps Engineer (AWS), Investment Management Solutions",DataArt,Алматы,,,,https://hh.kz/vacancy/52942306?from=vacancy_search_list&hhtmFrom=vacancy_search_list&query=analytics
"Senior DevOps Engineer (AWS), Investment Management Solutions",DataArt,Нур-Султан,,,,https://hh.kz/vacancy/52942307?from=vacancy_search_list&hhtmFrom=vacancy_search_list&query=analytics
UI/UX дизайнер - Team Lead designer,ТОО GMN,Нур-Султан,,,,https://hh.kz/vacancy/52936851?from=vacancy_search_list&hhtmFrom=vacancy_search_list&query=analytics
"Manager, Legal Group, Tax & Legal Department",ТОО KPMG,Нур-Султан,,,,https://hh.kz/vacancy/52938599?from=vacancy_search_list&hhtmFrom=vacancy_search_list&query=analytics
"Manager, Legal Group, Tax & Legal Department",ТОО KPMG,Алматы,,,,https://hh.kz/vacancy/52938602?from=vacancy_search_list&hhtmFrom=vacancy_search_list&query=analytics
Audit/Tax Analyst,ТОО Bolashak Atyrau,Атырау,,,,https://hh.kz/vacancy/52920009?from=vacancy_search_list&hhtmFrom=vacancy_search_list&query=analytics
Production Services Analyst,DataArt,Алматы,,,,https://hh.kz/vacancy/52893891?from=vacancy_search_list&hhtmFrom=vacancy_search_list&query=analytics
"Middle Data Analyst, Data Warehouse",DataArt,Нур-Султан,,,,https://hh.kz/vacancy/52892336?from=vacancy_search_list&hhtmFrom=vacancy_search_list&query=analytics
Production Services Analyst,DataArt,Нур-Султан,,,,https://hh.kz/vacancy/52893892?from=vacancy_search_list&hhtmFrom=vacancy_search_list&query=analytics
React Native Team Lead,DataArt,Алматы,,,,https://hh.kz/vacancy/52617548?from=vacancy_search_list&hhtmFrom=vacancy_search_list&query=analytics
"Senior QA Automation Engineer, Betting Platform",DataArt,Алматы,,,,https://hh.kz/vacancy/52622533?from=vacancy_search_list&hhtmFrom=vacancy_search_list&query=analytics
SAP Coordinator,ТОО Стамгазстрой,Актау,,,,https://hh.kz/vacancy/52602543?from=vacancy_search_list&hhtmFrom=vacancy_search_list&query=analytics
"Scala TeamLead / Scala Architect, Cruise Company",DataArt,Нур-Султан,,,,https://hh.kz/vacancy/52582856?from=vacancy_search_list&hhtmFrom=vacancy_search_list&query=analytics
"Scala TeamLead / Scala Architect, Cruise Company",DataArt,Алматы,,,,https://hh.kz/vacancy/52582855?from=vacancy_search_list&hhtmFrom=vacancy_search_list&query=analytics
Program and Administrative Assistant,Нек. орг. Филиал Винрокского международного института по развитию сельского хозяйства в Республике Казахстан,Алматы,,,,https://hh.kz/vacancy/52585913?from=vacancy_search_list&hhtmFrom=vacancy_search_list&query=analytics
"Senior Big Data Engineer, Investment Management Solutions",DataArt,Алматы,,,,https://hh.kz/vacancy/50377379?from=vacancy_search_list&hhtmFrom=vacancy_search_list&query=analytics
"Senior Big Data Engineer, Investment Management Solutions",DataArt,Нур-Султан,,,,https://hh.kz/vacancy/50377380?from=vacancy_search_list&hhtmFrom=vacancy_search_list&query=analytics
"Senior Java Engineer, Investment Management Solution",DataArt,Нур-Султан,,,,https://hh.kz/vacancy/52582899?from=vacancy_search_list&hhtmFrom=vacancy_search_list&query=analytics
"Middle Java Engineer, Communication Services",DataArt,Нур-Султан,,,,https://hh.kz/vacancy/52584677?from=vacancy_search_list&hhtmFrom=vacancy_search_list&query=analytics
"Middle Java Engineer, Communication Services",DataArt,Алматы,,,,https://hh.kz/vacancy/52584676?from=vacancy_search_list&hhtmFrom=vacancy_search_list&query=analytics
"Database Developer/Data Generalist, AdTech Solution",DataArt,Нур-Султан,,,,https://hh.kz/vacancy/51222831?from=vacancy_search_list&hhtmFrom=vacancy_search_list&query=analytics
Clearing and Settlement Analyst (maternity cover),Astana International Exchange,Нур-Султан,,,,https://hh.kz/vacancy/52534802?from=vacancy_search_list&hhtmFrom=vacancy_search_list&query=analytics
"Маркетинг менеджер (продвижение приложения ""Мой Beeline"")","Beeline, ТМ",Алматы,,,,https://hh.kz/vacancy/52517848?from=vacancy_search_list&hhtmFrom=vacancy_search_list&query=analytics
Head of the Office of International Students and Scholars Services,Nazarbayev University,Нур-Султан,,,,https://hh.kz/vacancy/52548298?from=vacancy_search_list&hhtmFrom=vacancy_search_list&query=analytics
"Middle Python Developer, Banking System",DataArt,Нур-Султан,,,,https://hh.kz/vacancy/52557937?from=vacancy_search_list&hhtmFrom=vacancy_search_list&query=analytics
Key Account Manage (KAM) B2B2C,ТОО Samsung Electronics Central Eurasia LLP.,Алматы,,,,https://hh.kz/vacancy/52549284?from=vacancy_search_list&hhtmFrom=vacancy_search_list&query=analytics
Electrical Design Engineer,ТОО ALDAR EUROASIA PROPERTY MANAGEMENT,Нур-Султан,,,,https://hh.kz/vacancy/52583243?from=vacancy_search_list&hhtmFrom=vacancy_search_list&query=analytics
Specialist (Residential Life and Housing),Nazarbayev University,Нур-Султан,,,,https://hh.kz/vacancy/52553961?from=vacancy_search_list&hhtmFrom=vacancy_search_list&query=analytics
"Middle Python Developer, Banking System",DataArt,Алматы,,,,https://hh.kz/vacancy/52557936?from=vacancy_search_list&hhtmFrom=vacancy_search_list&query=analytics
RoK Training Coordinator,"ТОО КЕНТЕК КАЗАХСТАН,(ТОО ККТС)",Атырау,,,,https://hh.kz/vacancy/52385751?from=vacancy_search_list&hhtmFrom=vacancy_search_list&query=analytics
"Senior Manager of Hardware at Information Services (Desktops, Laptops and Devices)",Nazarbayev University,Нур-Султан,,,,https://hh.kz/vacancy/52406026?from=vacancy_search_list&hhtmFrom=vacancy_search_list&query=analytics
HR Recruitment Specialist,ТОО Бюро Веритас Казахстан Индастриал Сервисез,Нур-Султан,,,,https://hh.kz/vacancy/52384297?from=vacancy_search_list&hhtmFrom=vacancy_search_list&query=analytics
Ассистент руководителя/Офис-менеджер,ТОО OFFICESTAN,Алматы,120000,400000,KZT,https://hh.kz/vacancy/52385766?from=vacancy_search_list&hhtmFrom=vacancy_search_list&query=analytics
Data Integration Engineer,"ТОО Epam Kazakhstan (Эпам Казахстан),ТОО",Нур-Султан,,,,https://hh.kz/vacancy/51068843?from=vacancy_search_list&hhtmFrom=vacancy_search_list&query=analytics
Data Integration Engineer,"ТОО Epam Kazakhstan (Эпам Казахстан),ТОО",Алматы,,,,https://hh.kz/vacancy/51068841?from=vacancy_search_list&hhtmFrom=vacancy_search_list&query=analytics
"Data Architect, Financial Systems",DataArt,Нур-Султан,,,,https://hh.kz/vacancy/52622157?from=vacancy_search_list&hhtmFrom=vacancy_search_list&query=analytics
"Big Data Software Engineer, Investment Management Solutions",DataArt,Алматы,,,,https://hh.kz/vacancy/52618189?from=vacancy_search_list&hhtmFrom=vacancy_search_list&query=analytics
Data engineer,ТОО АтырауТехИнвест,Нур-Султан,,,,https://hh.kz/vacancy/52614523?from=vacancy_search_list&hhtmFrom=vacancy_search_list&query=analytics
React Native Team Lead,DataArt,Нур-Султан,,,,https://hh.kz/vacancy/52617549?from=vacancy_search_list&hhtmFrom=vacancy_search_list&query=analytics
"Executive, Financing, Deal Advisory",ТОО KPMG,Алматы,,,,https://hh.kz/vacancy/51011274?from=vacancy_search_list&hhtmFrom=vacancy_search_list&query=analytics
"Data Architect, Financial Systems",DataArt,Алматы,,,,https://hh.kz/vacancy/52622156?from=vacancy_search_list&hhtmFrom=vacancy_search_list&query=analytics
"Senior Java Engineer, Investment Management Solution",DataArt,Алматы,,,,https://hh.kz/vacancy/52582898?from=vacancy_search_list&hhtmFrom=vacancy_search_list&query=analytics
Data engineer,ТОО АтырауТехИнвест,Алматы,,,,https://hh.kz/vacancy/52614524?from=vacancy_search_list&hhtmFrom=vacancy_search_list&query=analytics
Data engineer,ТОО АтырауТехИнвест,Атырау,,,,https://hh.kz/vacancy/52614525?from=vacancy_search_list&hhtmFrom=vacancy_search_list&query=analytics
Executive Managing Director for International Recruiting Agency,ТОО Автодом-М,Атырау,,,,https://hh.kz/vacancy/52312298?from=vacancy_search_list&hhtmFrom=vacancy_search_list&query=analytics
Маркетолог (на период декретного отпуска),ТОО In oil LTD KZ,Нур-Султан,,,,https://hh.kz/vacancy/52336432?from=vacancy_search_list&hhtmFrom=vacancy_search_list&query=analytics
Hotel Sales Executive,ТОО Кульсарыгаз,Атырау,,,,https://hh.kz/vacancy/52340545?from=vacancy_search_list&hhtmFrom=vacancy_search_list&query=analytics
Intern in Fixed Assets group,ТОО EY (Ernst & Young),Алматы,,,,https://hh.kz/vacancy/51041696?from=vacancy_search_list&hhtmFrom=vacancy_search_list&query=analytics
Digital маркетинг менеджер (таргетолог),ТОО Букмекерская компания 1XBET,Алматы,,,,https://hh.kz/vacancy/52292731?from=vacancy_search_list&hhtmFrom=vacancy_search_list&query=analytics
"Lead UA Manager, Lead UAM, Lead Media Buyer, Lead PPC",Playrix,Нур-Султан,,,,https://hh.kz/vacancy/52218649?from=vacancy_search_list&hhtmFrom=vacancy_search_list&query=analytics
Project Sourcing Manager,ТОО Электровоз құрастыру зауыты,Нур-Султан,,,,https://hh.kz/vacancy/51456389?from=vacancy_search_list&hhtmFrom=vacancy_search_list&query=analytics
HR Recruitment Specialist,ТОО Бюро Веритас Казахстан Индастриал Сервисез,Атырау,,,,https://hh.kz/vacancy/52251019?from=vacancy_search_list&hhtmFrom=vacancy_search_list&query=analytics
Logistics Manager,ТОО Caspian International Restaurants company,Алматы,,,,https://hh.kz/vacancy/52242503?from=vacancy_search_list&hhtmFrom=vacancy_search_list&query=analytics
СММ менеджер,ТОО STEM Academia,Нур-Султан,100000,,KZT,https://hh.kz/vacancy/52226834?from=vacancy_search_list&hhtmFrom=vacancy_search_list&query=analytics
Business Analyst / Proxy Product Owner (Middle/Senior),ТОО АтырауТехИнвест,Алматы,,,,https://hh.kz/vacancy/52190307?from=vacancy_search_list&hhtmFrom=vacancy_search_list&query=analytics
Financial Controlling Specialist,АО ИП Эфес Казахстан,Алматы,,,,https://hh.kz/vacancy/52208550?from=vacancy_search_list&hhtmFrom=vacancy_search_list&query=analytics
Data Analyst,ТОО ЮСС Супорт Сервисез,Атырау,,,,https://hh.kz/vacancy/52174020?from=vacancy_search_list&hhtmFrom=vacancy_search_list&query=analytics
E-commerce Specialist,Tefal,Алматы,,,,https://hh.kz/vacancy/52157391?from=vacancy_search_list&hhtmFrom=vacancy_search_list&query=analytics
СММ - менеджер,ТОО ASTANA PRODUCTION LLC,Нур-Султан,200000,,KZT,https://hh.kz/vacancy/52204391?from=vacancy_search_list&hhtmFrom=vacancy_search_list&query=analytics
"Senior .NET with Java, Investment Management Solutions",DataArt,Нур-Султан,,,,https://hh.kz/vacancy/49308264?from=vacancy_search_list&hhtmFrom=vacancy_search_list&query=analytics
SMM-менеджер,ТОО ТИКЕТС КЗ,Алматы,,,,https://hh.kz/vacancy/52189349?from=vacancy_search_list&hhtmFrom=vacancy_search_list&query=analytics
"Senior .NET with Java, Investment Management Solutions",DataArt,Алматы,,,,https://hh.kz/vacancy/49308263?from=vacancy_search_list&hhtmFrom=vacancy_search_list&query=analytics
Cost controller,ТОО Консорциум Isker,Атырау,,,,https://hh.kz/vacancy/52189994?from=vacancy_search_list&hhtmFrom=vacancy_search_list&query=analytics
Старший менеджер по продвижению продукта (Simply),"Beeline, ТМ",Алматы,,,,https://hh.kz/vacancy/52175021?from=vacancy_search_list&hhtmFrom=vacancy_search_list&query=analytics
Accountant - Vendor Management Group - Finance Department,"Deloitte, Caspian Region","Алматы, Абая",,,,https://hh.kz/vacancy/52194807?from=vacancy_search_list&hhtmFrom=vacancy_search_list&query=analytics
Material Planner,"ТОО Wabtec Corporation, ТМ (Филиал компании «Транспортейшн Глоубэл Эл-Эл-Си»в Республике Казахстан)",Нур-Султан,,,,https://hh.kz/vacancy/52207430?from=vacancy_search_list&hhtmFrom=vacancy_search_list&query=analytics
Аналитик данных,ТОО Astana-Plat,Алматы,,,,https://hh.kz/vacancy/52143781?from=vacancy_search_list&hhtmFrom=vacancy_search_list&query=analytics
Account Manager,ТОО Glovo Kazakhstan,Алматы,,,,https://hh.kz/vacancy/52173960?from=vacancy_search_list&hhtmFrom=vacancy_search_list&query=analytics
Senior Accountant with taxation,ТОО Eiger,Алматы,,,,https://hh.kz/vacancy/52189330?from=vacancy_search_list&hhtmFrom=vacancy_search_list&query=analytics
Finance Controller,ТОО KAZ Minerals Management,Алматы,,,,https://hh.kz/vacancy/52106254?from=vacancy_search_list&hhtmFrom=vacancy_search_list&query=analytics
SAP Success Factors Employee Central (EC) Consultant (Remote),ТОО iQ-SOLUTIONS,Атырау,,,,https://hh.kz/vacancy/52109675?from=vacancy_search_list&hhtmFrom=vacancy_search_list&query=analytics
Intern in the Quality Department,GSK,Алматы,,,,https://hh.kz/vacancy/52305369?from=vacancy_search_list&hhtmFrom=vacancy_search_list&query=analytics
Commercial assistant,ТОО Ред Булл Казахстан,"Алматы, Драмтеатр имени Ауэзова",,,,https://hh.kz/vacancy/52087047?from=vacancy_search_list&hhtmFrom=vacancy_search_list&query=analytics
Product Development Specialist Cucurbits & Solanaceae Open Field,Syngenta,Алматы,,,,https://hh.kz/vacancy/50849514?from=vacancy_search_list&hhtmFrom=vacancy_search_list&query=analytics
Finance Business Partner (Outsource),"TEVA Pharmaceuticals Industries Ltd., ТМ",Алматы,,,,https://hh.kz/vacancy/52078835?from=vacancy_search_list&hhtmFrom=vacancy_search_list&query=analytics
Product Development Specialist Cucurbits & Solanaceae Open Field,Syngenta,Шымкент,,,,https://hh.kz/vacancy/50849600?from=vacancy_search_list&hhtmFrom=vacancy_search_list&query=analytics
Медиа и диджитал менеджер FMCG,ТОО Manpower,Алматы,,,,https://hh.kz/vacancy/52078084?from=vacancy_search_list&hhtmFrom=vacancy_search_list&query=analytics
Demand Planning Specialist,ТОО LG Electronics Almaty Kazakhstan,Алматы,,,,https://hh.kz/vacancy/52065601?from=vacancy_search_list&hhtmFrom=vacancy_search_list&query=analytics
"Senior Manager (Valuation, Modelling & Economics) within Strategy and Transactions",ТОО EY (Ernst & Young),Алматы,,,,https://hh.kz/vacancy/52055297?from=vacancy_search_list&hhtmFrom=vacancy_search_list&query=analytics
"Senior Consultant, Legal Group, Tax &Legal Department",ТОО KPMG,Алматы,,,,https://hh.kz/vacancy/50211760?from=vacancy_search_list&hhtmFrom=vacancy_search_list&query=analytics
"Senior Consultant, Legal Group, Tax &Legal Department",ТОО KPMG,Нур-Султан,,,,https://hh.kz/vacancy/50211761?from=vacancy_search_list&hhtmFrom=vacancy_search_list&query=analytics
SEO оптимизатор (Стажер),ИП Мухаметжанов А.,Петропавловск,,,,https://hh.kz/vacancy/52058449?from=vacancy_search_list&hhtmFrom=vacancy_search_list&query=analytics
PSI-AB Analyst,"FIRCROFT ENGINEERING SERVICES LIMITED, KAZAKHSTAN",Атырау,,,,https://hh.kz/vacancy/52039146?from=vacancy_search_list&hhtmFrom=vacancy_search_list&query=analytics
Project Engineer,ТОО Brunel Atyrau LLP,Актау,,,,https://hh.kz/vacancy/52087582?from=vacancy_search_list&hhtmFrom=vacancy_search_list&query=analytics
"Data QA Engineer, Global Music Company",DataArt,Алматы,,,,https://hh.kz/vacancy/49992873?from=vacancy_search_list&hhtmFrom=vacancy_search_list&query=analytics
Digital маркетолог,ТОО Lead Partners,Алматы,,300000,KZT,https://hh.kz/vacancy/52016632?from=vacancy_search_list&hhtmFrom=vacancy_search_list&query=analytics
"Data QA Engineer, Global Music Company",DataArt,Нур-Султан,,,,https://hh.kz/vacancy/49992874?from=vacancy_search_list&hhtmFrom=vacancy_search_list&query=analytics
Sales Executive-Специалист отдела продаж и маркетинга,ТОО Гостиница Жетысу,"Алматы, Жибек Жолы",,,,https://hh.kz/vacancy/52038021?from=vacancy_search_list&hhtmFrom=vacancy_search_list&query=analytics
"Middle QA Engineer, Financial Segment",DataArt,Алматы,,,,https://hh.kz/vacancy/49993907?from=vacancy_search_list&hhtmFrom=vacancy_search_list&query=analytics
PPC-маркетолог,Peklo,Алматы,400,,USD,https://hh.kz/vacancy/52827699?from=vacancy_search_list&hhtmFrom=vacancy_search_list&query=analytics
SMM-менеджер,"ИП GRAND ERBIL HOTEL, ТМ (Мамедова ИП)",Алматы,,200000,KZT,https://hh.kz/vacancy/52824680?from=vacancy_search_list&hhtmFrom=vacancy_search_list&query=analytics
Legal Associate,Astana International Exchange,Нур-Султан,,,,https://hh.kz/vacancy/52829998?from=vacancy_search_list&hhtmFrom=vacancy_search_list&query=analytics
Fullstack разработчика,ТОО IT Analytics,Караганда,600000,,KZT,https://hh.kz/vacancy/52821475?from=vacancy_search_list&hhtmFrom=vacancy_search_list&query=analytics
Senior HR manager (temporary position),Nazarbayev University,Нур-Султан,,,,https://hh.kz/vacancy/52666235?from=vacancy_search_list&hhtmFrom=vacancy_search_list&query=analytics
"Category Planning & Activation Specialist, Biscuits & Salty Snacks, Central Asia & Caucasus",ТОО Mondelez Kazakhstan LLP,Алматы,,,,https://hh.kz/vacancy/52534783?from=vacancy_search_list&hhtmFrom=vacancy_search_list&query=analytics
Project Manager,ТОО Оргтехэнергострой,Алматы,,,,https://hh.kz/vacancy/52545837?from=vacancy_search_list&hhtmFrom=vacancy_search_list&query=analytics
SMM-менеджер,Общественная организация ОИ Шебер,Шымкент,100000,200000,KZT,https://hh.kz/vacancy/52455919?from=vacancy_search_list&hhtmFrom=vacancy_search_list&query=analytics
Project-Менеджер в SMM - агентство,ИП MarkCo,Алматы,250000,419000,KZT,https://hh.kz/vacancy/52378454?from=vacancy_search_list&hhtmFrom=vacancy_search_list&query=analytics
Transport Economist,ТОО Business Development Consulting,Алматы,,,,https://hh.kz/vacancy/52516082?from=vacancy_search_list&hhtmFrom=vacancy_search_list&query=analytics
SMM-менеджер,ТОО МедМедиа Казахстан,Алматы,150000,150000,KZT,https://hh.kz/vacancy/52288694?from=vacancy_search_list&hhtmFrom=vacancy_search_list&query=analytics
Главный менеджер по маркетингу,ТОО Халык Актив,Алматы,250000,300000,KZT,https://hh.kz/vacancy/52271518?from=vacancy_search_list&hhtmFrom=vacancy_search_list&query=analytics
Consultant - Tax & Legal Department - Global Employer Services group,"Deloitte, Caspian Region","Алматы, Абая",,,,https://hh.kz/vacancy/52288625?from=vacancy_search_list&hhtmFrom=vacancy_search_list&query=analytics
Accounting Manager,"ТОО КЕНТЕК КАЗАХСТАН,(ТОО ККТС)",Атырау,,,,https://hh.kz/vacancy/52170641?from=vacancy_search_list&hhtmFrom=vacancy_search_list&query=analytics
Staff Attorney,Представительство Американской ассоциации юристов СИИЛИ Инк.,Нур-Султан,,,,https://hh.kz/vacancy/52014771?from=vacancy_search_list&hhtmFrom=vacancy_search_list&query=analytics
Финансист-аналитик,ТОО INDATA Analytics,Алматы,,,,https://hh.kz/vacancy/51939457?from=vacancy_search_list&hhtmFrom=vacancy_search_list&query=analytics
Таргетолог / SMM менеджер,ОФ БЛАГОТВОРИТЕЛЬНЫЙ ФОНД THE ULYTAU EDUCATIONAL FOUNDATION,Нур-Султан,200000,250000,KZT,https://hh.kz/vacancy/52031552?from=vacancy_search_list&hhtmFrom=vacancy_search_list&query=analytics
SMM-менеджер,ТОО iSAPA,Нур-Султан,100000,,KZT,https://hh.kz/vacancy/51933477?from=vacancy_search_list&hhtmFrom=vacancy_search_list&query=analytics
Разработчик мобильных приложений iOS и Android,ТОО ИЦМО Болашак,Алматы,9,10,USD,https://hh.kz/vacancy/52024312?from=vacancy_search_list&hhtmFrom=vacancy_search_list&query=analytics
Преподаватель физики,ТОО JOO ANALYTICS,Алматы,80000,100000,KZT,https://hh.kz/vacancy/51915700?from=vacancy_search_list&hhtmFrom=vacancy_search_list&query=analytics
